name	seq_length	nucleotide	starting_position	relative_position	max_size	nb	mean_size
> lcl|NC_002506.1_cds_NP_232687.1_1	963	A	57	0.05863874345549738	8	686	0.7123572170301142
> lcl|NC_003902.1_cds_NP_635739.1_1	984	C;G	14;366	0.013278855975485188;0.372829417773238	5;5	771	0.7835365853658537
> lcl|NC_004459.3_cds_NP_761248.2_1	963	A;A;T;A;A;A	4;60;157;182;487;566	0.003131524008350731;0.061586638830897704;0.162839248434238;0.18893528183716074;0.5073068893528184;0.5897703549060542	5;5;5;5;5;5	706	0.7331256490134995
> lcl|NC_004603.1_cds_NP_798244.1_1	963	T;A;A	244;486;782	0.25391849529780564;0.5067920585161965;0.8160919540229885	6;6;6	712	0.7393561786085151
> lcl|NC_005027.1_cds_NP_865348.1_1	1353	A;T;C	259;586;656	0.1913946587537092;0.43397626112759646;0.48590504451038574	5;5;5	1029	0.7605321507760532
> lcl|NC_005139.1_cds_NP_934734.1_1	963	A;A;T;A;A;A	4;60;157;182;487;566	0.003131524008350731;0.061586638830897704;0.162839248434238;0.18893528183716074;0.5073068893528184;0.5897703549060542	5;5;5;5;5;5	705	0.7320872274143302
> lcl|NC_002939.5_cds_NP_953513.1_1	1374	A	1033	0.7543859649122807	6	1016	0.7394468704512372
> lcl|NC_002967.9_cds_NP_972448.1_1	1008	A	666	0.6643356643356644	7	690	0.6845238095238095
> lcl|NC_008825.1_cds_YP_001019893.1_1	1017	G	189	0.1857707509881423	5	805	0.7915437561455261
> lcl|NC_009483.1_cds_YP_001231615.1_1	1359	A	145	0.10643015521064302	6	974	0.7167034584253127
> lcl|NC_009523.1_cds_YP_001275204.1_1	960	C;G;C	258;552;687	0.26910994764397905;0.5769633507853403;0.7183246073298429	5;5;5	706	0.7354166666666667
> lcl|NC_009651.1_cds_YP_001338815.1_1	1014	T	695	0.6878097125867195	5	773	0.76232741617357
> lcl|NC_009656.1_cds_YP_001350673.1_1	1014	T	695	0.6878097125867195	5	773	0.76232741617357
> lcl|NC_009665.1_cds_YP_001365889.1_1	960	T;A	18;209	0.01781970649895178;0.2180293501048218	6;6	703	0.7322916666666667
> lcl|NC_009665.1_cds_YP_001367550.1_1	960	T;A	18;209	0.01781970649895178;0.2180293501048218	6;6	705	0.734375
> lcl|NC_009767.1_cds_YP_001430761.1_1	690	C;C	248;471	0.3605839416058394;0.6861313868613139	5;5	519	0.7521739130434782
> lcl|NC_009767.1_cds_YP_001432950.1_1	831	C;G;C	128;555;678	0.15375302663438256;0.6707021791767555;0.8196125907990315	5;5;5	623	0.7496991576413959
> lcl|NC_009767.1_cds_YP_001434432.1_1	957	C;G	296;947	0.3095487932843652;0.9926547743966422	4;4	754	0.7878787878787878
> lcl|NC_009783.1_cds_YP_001445195.1_1	957	A	298	0.31230283911671924	6	710	0.741901776384535
> lcl|NC_009997.1_cds_YP_001554152.1_1	960	T;A	18;209	0.01781970649895178;0.2180293501048218	6;6	707	0.7364583333333333
> lcl|NC_009999.1_cds_YP_001557059.1_1	960	T;A	168;552	0.1750524109014675;0.5775681341719078	6;6	691	0.7197916666666667
> lcl|NC_010162.1_cds_YP_001611093.1_1	951	C;C;T;C;C;C;G	256;300;357;501;598;660;765	0.2692713833157339;0.31573389651531153;0.3759239704329461;0.5279831045406547;0.6304118268215417;0.6958817317845829;0.8067581837381204	4;4;4;4;4;4;4	741	0.7791798107255521
> lcl|NC_010334.1_cds_YP_001673859.1_1	963	A;A;A;T;A	12;77;518;665;768	0.011482254697286013;0.07933194154488518;0.5396659707724426;0.6931106471816284;0.8006263048016702	5;5;5;5;5	726	0.7538940809968847
> lcl|NC_010488.1_cds_YP_001740003.1_1	1014	T	695	0.6878097125867195	5	772	0.7613412228796844
> lcl|NC_010506.1_cds_YP_001761017.1_1	960	T	168	0.1750524109014675	6	725	0.7552083333333334
> lcl|NC_010506.1_cds_YP_001762656.1_1	960	T	233	0.24344176285414482	7	689	0.7177083333333333
> lcl|NC_010717.1_cds_YP_001911748.1_1	876	G	14	0.014942528735632184	6	665	0.7591324200913242
> lcl|NC_010814.1_cds_YP_001952485.1_1	978	G	495	0.5082304526748971	6	711	0.7269938650306749
> lcl|NC_010814.1_cds_YP_001952809.1_1	1362	A	189	0.13874538745387455	7	993	0.7290748898678414
> lcl|NC_010831.1_cds_YP_001959564.1_1	1227	A	1185	0.9720853858784894	9	890	0.7253463732681337
> lcl|NC_011026.1_cds_YP_001995933.1_1	1068	A;A	238;577	0.2231638418079096;0.5423728813559322	6;6	746	0.6985018726591761
> lcl|NC_011092.1_cds_YP_002112919.1_1	480	T	161	0.3368421052631579	5	377	0.7854166666666667
> lcl|NC_011092.1_cds_YP_002112947.1_1	1014	T	695	0.6878097125867195	5	772	0.7613412228796844
> lcl|NC_011186.1_cds_YP_002158308.1_1	984	A;A	642;786	0.6560900716479018;0.8034800409416581	7;7	715	0.7266260162601627
> lcl|NC_011566.1_cds_YP_002311262.1_1	1029	T;T	56;730	0.05386875612144956;0.7140058765915769	8;8	737	0.7162293488824101
> lcl|NC_011586.1_cds_YP_002317699.1_1	1035	T	695	0.6737864077669903	5	782	0.7555555555555555
> lcl|NC_011751.1_cds_YP_002415407.1_1	1014	T	695	0.6878097125867195	5	773	0.76232741617357
> lcl|NC_011901.1_cds_YP_002514765.1_1	972	G	492	0.5082815734989649	6	730	0.7510288065843621
> lcl|NC_011992.1_cds_YP_002554149.1_1	999	G	174	0.17404426559356137	5	773	0.7737737737737738
> lcl|NC_012489.1_cds_YP_002763042.1_1	963	G;G;G;G	610;650;873;923	0.635036496350365;0.6767466110531803;0.9092805005213764;0.9614181438998958	4;4;4;4	759	0.7881619937694704
> lcl|NC_012580.1_cds_YP_002811924.1_1	963	A	57	0.05863874345549738	8	686	0.7123572170301142
> lcl|NC_012583.1_cds_YP_002821404.1_1	963	A	57	0.05863874345549738	8	686	0.7123572170301142
> lcl|NC_012667.1_cds_YP_002876738.1_1	963	A	57	0.05863874345549738	8	686	0.7123572170301142
> lcl|NC_012668.1_cds_YP_002879396.1_1	960	A;A;T	71;115;159	0.07337526205450734;0.11949685534591195;0.16561844863731656	6;6;6	691	0.7197916666666667
> lcl|NC_012968.1_cds_YP_003047832.1_1	966	A;T;A	121;235;757	0.12486992715920915;0.24349635796045785;0.7866805411030177	5;5;5	706	0.7308488612836439
> lcl|NC_012997.1_cds_YP_003072862.1_1	969	T;T	231;369	0.23883696780893043;0.3821391484942887	6;6	732	0.7554179566563467
> lcl|NC_012997.1_cds_YP_003073274.1_1	1068	A;A;A	29;233;808	0.026365348399246705;0.2184557438794727;0.7598870056497176	6;6;6	777	0.7275280898876404
> lcl|NC_013194.1_cds_YP_003167052.1_1	1023	A;G;A;G	16;192;270;588	0.014734774066797643;0.18762278978389;0.2642436149312377;0.5766208251473477	5;5;5;5	775	0.7575757575757576
> lcl|NC_013446.2_cds_YP_003278482.1_1	1002	A;C;C;T;G	4;353;375;381;391	0.003006012024048096;0.3527054108216433;0.374749498997996;0.3807615230460922;0.3907815631262525	4;4;4;4;4	760	0.7584830339321357
> lcl|NC_013456.1_cds_YP_003285794.1_1	963	T;A;A;T;A;T;A	13;182;195;229;487;661;888	0.012526096033402923;0.18893528183716074;0.20250521920668058;0.23799582463465555;0.5073068893528184;0.6889352818371608;0.9258872651356994	5;5;5;5;5;5;5	709	0.7362409138110073
> lcl|NC_013959.1_cds_YP_003523006.1_1	993	T	186	0.18743667679837892	6	755	0.7603222557905337
> lcl|NC_013960.1_cds_YP_003526824.1_1	966	T;A	15;292	0.014583333333333334;0.303125	6;6	667	0.6904761904761905
> lcl|NC_014008.1_cds_YP_003547524.1_1	1347	A;T	4;229	0.0022371364653243847;0.17002237136465326	6;6	1028	0.7631774313288789
> lcl|NC_014008.1_cds_YP_003550092.1_1	1332	T;G	709;849	0.5339366515837104;0.6395173453996983	6;6	981	0.7364864864864865
> lcl|NC_014032.1_cds_YP_003570948.1_1	786	A	447	0.5710627400768246	5	598	0.7608142493638677
> lcl|NC_014207.1_cds_YP_003674799.1_1	942	A	98	0.10363247863247864	6	702	0.7452229299363057
> lcl|NC_014216.1_cds_YP_003691716.1_1	1398	T	658	0.4723220704529116	7	955	0.6831187410586552
> lcl|NC_014315.1_cds_YP_003759370.1_1	984	T	122	0.12384851586489252	7	706	0.717479674796748
> lcl|NC_014506.1_cds_YP_003892215.1_1	1017	A;A	144;626	0.14158415841584157;0.6188118811881188	7;7	700	0.688298918387414
> lcl|NC_014836.1_cds_YP_004111329.1_1	1014	T	695	0.6878097125867195	5	772	0.7613412228796844
> lcl|NC_014924.1_cds_YP_004146997.1_1	1008	G;G;C	190;751;842	0.18824701195219123;0.7470119521912351;0.8376494023904383	4;4;4	776	0.7698412698412699
> lcl|NC_014965.1_cds_YP_004188505.1_1	963	A;A;T;A;A;A	4;60;157;182;487;566	0.003131524008350731;0.061586638830897704;0.162839248434238;0.18893528183716074;0.5073068893528184;0.5897703549060542	5;5;5;5;5;5	707	0.7341640706126688
> lcl|NC_015385.1_cds_YP_004364887.1_1	1233	A;A;A;A	282;565;636;944	0.22920065252854813;0.4600326264274062;0.5179445350734094;0.7691680261011419	7;7;7;7	839	0.6804541768045418
> lcl|NC_015410.1_cds_YP_004381135.1_1	966	G;G;G	144;366;576	0.14880332986472425;0.3798126951092612;0.5983350676378772	5;5;5	738	0.7639751552795031
> lcl|NC_015422.1_cds_YP_004389536.1_1	999	G	174	0.17404426559356137	5	780	0.7807807807807807
> lcl|NC_011138.3_cds_YP_004425806.1_1	969	A;A	183;531	0.18899273104880582;0.5503634475597092	6;6	721	0.7440660474716202
> lcl|NC_015500.1_cds_YP_004439689.1_1	1197	A	758	0.6372053872053872	9	851	0.7109440267335004
> lcl|NC_015554.1_cds_YP_004468427.1_1	969	A;T;A;A;G	178;665;705;781;924	0.18360995850622408;0.6887966804979253;0.7302904564315352;0.8091286307053942;0.9574688796680498	5;5;5;5;5	697	0.7192982456140351
> lcl|NC_015572.1_cds_YP_004512478.1_1	984	T;C	175;311	0.177732379979571;0.3166496424923391	5;5	715	0.7266260162601627
> lcl|NC_015637.1_cds_YP_004578183.1_1	555	A	78	0.14025500910746813	6	410	0.7387387387387387
> lcl|NC_015681.1_cds_YP_004626102.1_1	1248	A	1042	0.8381642512077294	6	854	0.6842948717948718
> lcl|NC_015681.1_cds_YP_004626195.1_1	1251	A;T;A;A;A;A;A;C	56;69;275;392;740;803;836;962	0.044141252006420544;0.05457463884430177;0.21990369181380418;0.31380417335473515;0.5930979133226324;0.6436597110754414;0.6701444622792937;0.7712680577849117	5;5;5;5;5;5;5;5	843	0.6738609112709832
> lcl|NC_015732.1_cds_YP_004698381.1_1	1287	T;G	27;792	0.02029664324746292;0.6174863387978142	6;6	919	0.714063714063714
> lcl|NC_016112.1_cds_YP_004917061.1_1	1437	A	344	0.23986013986013985	7	1005	0.6993736951983298
> lcl|NC_016147.2_cds_YP_004929029.1_1	885	G;G	442;688	0.5005675368898979;0.7797956867196367	4;4	669	0.7559322033898305
> lcl|NC_016445.1_cds_YP_004936318.1_1	960	A;A;T	71;115;159	0.07337526205450734;0.11949685534591195;0.16561844863731656	6;6;6	691	0.7197916666666667
> lcl|NC_016613.1_cds_YP_005023393.1_1	903	T;A;A;A;A	62;153;524;740;846	0.06792873051224944;0.16926503340757237;0.5824053452115813;0.8229398663697105;0.9409799554565702	5;5;5;5;5	666	0.7375415282392026
> lcl|NC_016628.1_cds_YP_005050001.1_1	990	T;T;A;A;A;G	13;244;250;289;334;840	0.012182741116751269;0.2467005076142132;0.25279187817258886;0.2923857868020305;0.3380710659898477;0.8517766497461929	5;5;5;5;5;5	719	0.7262626262626263
> lcl|NC_016839.1_cds_YP_005221021.1_1	1014	T	695	0.6878097125867195	5	772	0.7613412228796844
> lcl|NC_016860.1_cds_YP_005249618.1_1	1014	T	695	0.6878097125867195	5	772	0.7613412228796844
> lcl|NC_016861.1_cds_YP_005250486.1_1	1014	T	695	0.6878097125867195	5	772	0.7613412228796844
> lcl|NC_016901.1_cds_YP_005272979.1_1	960	T;A	18;209	0.01781970649895178;0.2180293501048218	6;6	707	0.7364583333333333
> lcl|NC_016945.1_cds_YP_005334773.1_1	963	A	57	0.05863874345549738	8	686	0.7123572170301142
> lcl|NC_017067.1_cds_YP_005429811.1_1	603	C	324	0.5392320534223706	4	461	0.7645107794361525
> lcl|NC_017079.1_cds_YP_005442062.1_1	990	A;C;A	40;299;910	0.03959390862944162;0.30253807106598984;0.9228426395939087	5;5;5	750	0.7575757575757576
> lcl|NC_017079.1_cds_YP_005442818.1_1	990	A;C;A	40;299;910	0.03959390862944162;0.30253807106598984;0.9228426395939087	5;5;5	747	0.7545454545454545
> lcl|NC_017080.1_cds_YP_005446045.1_1	1164	G;G;G	329;768;1103	0.28324697754749567;0.6623488773747841;0.9516407599309153	6;6;6	866	0.7439862542955327
> lcl|NC_017098.1_cds_YP_005475181.1_1	1278	T;T;A;G	232;400;494;1245	0.1814611154752553;0.31343283582089554;0.38727415553809896;0.9772191673212883	5;5;5;5	953	0.7456964006259781
> lcl|NC_017162.1_cds_YP_005513716.1_1	960	T;A	695;860	0.7267015706806282;0.8994764397905759	5;5	711	0.740625
> lcl|NC_017171.1_cds_YP_005525240.1_1	1014	T	695	0.6878097125867195	5	772	0.7613412228796844
> lcl|NC_017269.1_cds_YP_005632140.1_1	963	A	57	0.05863874345549738	8	686	0.7123572170301142
> lcl|NC_017269.1_cds_YP_005632145.1_1	963	A	57	0.05863874345549738	8	686	0.7123572170301142
> lcl|NC_017271.1_cds_YP_005639149.1_1	1254	C;G;C;A	44;396;1093;1165	0.0344275420336269;0.31625300240192156;0.8742994395516414;0.9319455564451561	5;5;5;5	966	0.7703349282296651
> lcl|NC_017328.1_cds_YP_005726696.1_1	1014	T	695	0.6878097125867195	5	773	0.76232741617357
> lcl|NC_017464.1_cds_YP_005846325.1_1	1008	A	306	0.3046953046953047	7	679	0.6736111111111112
> lcl|NC_017464.1_cds_YP_005847312.1_1	1008	A	306	0.3046953046953047	7	679	0.6736111111111112
> lcl|NC_017566.1_cds_YP_006008696.1_1	960	A;A	74;209	0.07651991614255765;0.2180293501048218	6;6	694	0.7229166666666667
> lcl|NC_017566.1_cds_YP_006010924.1_1	960	A;A	74;209	0.07651991614255765;0.2180293501048218	6;6	695	0.7239583333333334
> lcl|NC_017626.1_cds_YP_006098375.1_1	1014	T	695	0.6878097125867195	5	773	0.76232741617357
> lcl|NC_017847.1_cds_YP_006289230.1_1	960	T;A	695;860	0.7267015706806282;0.8994764397905759	5;5	711	0.740625
> lcl|NC_017847.1_cds_YP_006290465.1_1	759	T	695	0.9204244031830239	5	569	0.7496706192358367
> lcl|NC_017856.1_cds_YP_006293307.1_1	957	A;A;A;A	4;283;367;489	0.0031545741324921135;0.29652996845425866;0.38485804416403785;0.5131440588853838	6;6;6;6	659	0.6886102403343782
> lcl|NC_017857.1_cds_YP_006295398.1_1	966	A	783	0.8154327424400417	7	682	0.7060041407867494
> lcl|NC_018028.1_cds_YP_006457149.1_1	966	A;T;G;A;C;G;G;G	85;109;150;218;642;691;848;960	0.08731808731808732;0.11226611226611227;0.1548856548856549;0.22557172557172558;0.6663201663201663;0.7172557172557172;0.8804573804573804;0.9968814968814969	4;4;4;4;4;4;4;4	745	0.7712215320910973
> lcl|NC_018106.1_cds_YP_006497670.1_1	1014	T	695	0.6878097125867195	5	773	0.76232741617357
> lcl|NC_018107.1_cds_YP_006501622.1_1	1014	T	695	0.6878097125867195	5	773	0.76232741617357
> lcl|NC_018107.1_cds_YP_006501700.1_1	1014	T	695	0.6878097125867195	5	773	0.76232741617357
> lcl|NC_018177.1_cds_YP_006523853.1_1	945	T;T	432;650	0.45851063829787236;0.6904255319148936	5;5	730	0.7724867724867724
> lcl|NC_018178.1_cds_YP_006526837.1_1	981	A;A	171;564	0.17453798767967146;0.5780287474332649	7;7	650	0.6625891946992865
> lcl|NC_007498.2_cds_YP_006716233.1_1	993	A;T;A	172;189;324	0.17325227963525835;0.19047619047619047;0.3272543059777102	6;6;6	716	0.7210473313192346
> lcl|NC_007498.2_cds_YP_006717099.1_1	1002	A	651	0.6532663316582915	7	690	0.688622754491018
> lcl|NC_007517.1_cds_YP_006721758.1_1	1350	T;A;C;A;G	114;377;389;874;981	0.08401486988847584;0.2795539033457249;0.28847583643122676;0.6490706319702603;0.7286245353159851	5;5;5;5;5	976	0.7229629629629629
> lcl|NC_007517.1_cds_YP_006721960.1_1	1005	A;A;T;C;C;G	22;47;272;552;648;744	0.021;0.046;0.271;0.551;0.647;0.743	5;5;5;5;5;5	719	0.7154228855721393
> lcl|NC_018645.1_cds_YP_006760877.1_1	1074	A	399	0.37406015037593987	10	750	0.6983240223463687
> lcl|NC_018645.1_cds_YP_006761445.1_1	1329	T	598	0.4519303557910674	8	888	0.6681715575620768
> lcl|NC_018650.1_cds_YP_006767791.1_1	1014	T	695	0.6878097125867195	5	773	0.76232741617357
> lcl|NC_018658.1_cds_YP_006776838.1_1	1014	T	695	0.6878097125867195	5	773	0.76232741617357
> lcl|NC_018661.1_cds_YP_006781896.1_1	1014	T	695	0.6878097125867195	5	773	0.76232741617357
> lcl|NC_018679.1_cds_YP_006801480.1_1	960	T	219	0.22851153039832284	6	701	0.7302083333333333
> lcl|NC_018692.1_cds_YP_006823562.1_1	954	A;T;A;A;A	166;326;616;728;766	0.17386722866174922;0.3424657534246575;0.6480505795574288;0.7660695468914647;0.8061116965226555	5;5;5;5;5	693	0.7264150943396226
> lcl|NC_018697.1_cds_YP_006836683.1_1	960	T	212	0.22140608604407136	7	662	0.6895833333333333
> lcl|NC_018706.1_cds_YP_006848984.1_1	960	T;A	695;860	0.7267015706806282;0.8994764397905759	5;5	711	0.740625
> lcl|NC_017454.1_cds_YP_006891385.1_1	1374	A	1033	0.7543859649122807	6	1016	0.7394468704512372
> lcl|NC_018868.3_cds_YP_006917639.1_1	1011	A;T;A;T;T;A;T	91;157;175;273;464;530;755	0.08946322067594434;0.1550695825049702;0.17296222664015903;0.27037773359840955;0.4602385685884692;0.525844930417495;0.7495029821073559	5;5;5;5;5;5;5	734	0.7260138476755688
> lcl|NC_018868.3_cds_YP_006917991.1_1	966	A	709	0.7375	6	683	0.7070393374741201
> lcl|NC_019675.1_cds_YP_007046829.1_1	972	C;G	20;285	0.01964839710444674;0.2936918304033092	5;5	719	0.7397119341563786
> lcl|NC_019689.1_cds_YP_007081555.1_1	972	A;T;A;T;T;T	72;116;193;241;326;674	0.0734229576008273;0.1189245087900724;0.19855222337125128;0.2481902792140641;0.3360910031023785;0.6959669079627715	5;5;5;5;5;5	692	0.7119341563786008
> lcl|NC_019689.1_cds_YP_007082769.1_1	972	A;T;A;T;T;T	72;116;193;241;326;674	0.0734229576008273;0.1189245087900724;0.19855222337125128;0.2481902792140641;0.3360910031023785;0.6959669079627715	5;5;5;5;5;5	692	0.7119341563786008
> lcl|NC_019940.1_cds_YP_007244924.1_1	1038	G;C;G;T	460;776;990;1033	0.44390715667311414;0.7495164410058027;0.9564796905222437;0.9980657640232108	4;4;4;4	795	0.7658959537572254
> lcl|NC_019940.1_cds_YP_007245819.1_1	1317	G	768	0.5846036585365854	5	1029	0.7813211845102506
> lcl|NC_019955.1_cds_YP_007275365.1_1	1026	T;A;A	307;549;845	0.3;0.5372549019607843;0.8274509803921568	6;6;6	760	0.7407407407407407
> lcl|NC_020180.1_cds_YP_007386302.1_1	1014	T	695	0.6878097125867195	5	772	0.7613412228796844
> lcl|NC_020304.1_cds_YP_007467083.1_1	1020	T;A	272;597	0.2675222112537019;0.5883514313919053	7;7	729	0.7147058823529412
> lcl|NC_020304.1_cds_YP_007469119.1_1	1389	T;A;A;T	165;401;1048;1090	0.11858279103398409;0.28922631959508316;0.7570498915401301;0.7874186550976139	6;6;6;6	954	0.6868250539956804
> lcl|NC_020514.1_cds_YP_007542093.1_1	627	A;A;A	440;467;518	0.7057877813504824;0.7491961414790996;0.8311897106109325	5;5;5	442	0.7049441786283892
> lcl|NC_020514.1_cds_YP_007543933.1_1	897	A	368	0.4118967452300786	6	635	0.7079152731326644
> lcl|NC_020541.1_cds_YP_007592178.1_1	1017	A	38	0.036597428288822946	6	774	0.7610619469026548
> lcl|NC_020888.1_cds_YP_007682163.1_1	963	T;A;T	96;566;655	0.09916492693110647;0.5897703549060542;0.6826722338204593	5;5;5	701	0.7279335410176532
> lcl|NC_021155.1_cds_YP_007905886.1_1	1014	T	695	0.6878097125867195	5	772	0.7613412228796844
> lcl|NC_021658.1_cds_YP_008146712.1_1	951	C;C;T;C;C;C;C;G	256;300;357;501;598;642;660;765	0.2692713833157339;0.31573389651531153;0.3759239704329461;0.5279831045406547;0.6304118268215417;0.6768743400211193;0.6958817317845829;0.8067581837381204	4;4;4;4;4;4;4;4	730	0.7676130389064143
> lcl|NC_021658.1_cds_YP_008154351.1_1	951	C;C;T;C;C;C;C;G	256;300;357;501;598;642;660;765	0.2692713833157339;0.31573389651531153;0.3759239704329461;0.5279831045406547;0.6304118268215417;0.6768743400211193;0.6958817317845829;0.8067581837381204	4;4;4;4;4;4;4;4	734	0.7718191377497371
> lcl|NC_021712.1_cds_YP_008174768.1_1	969	A;A	183;531	0.18899273104880582;0.5503634475597092	6;6	721	0.7440660474716202
> lcl|NC_021716.1_cds_YP_008191536.1_1	969	A;A	183;531	0.18899273104880582;0.5503634475597092	6;6	724	0.7471620227038184
> lcl|NC_021717.1_cds_YP_008195025.1_1	969	A;A	183;531	0.18899273104880582;0.5503634475597092	6;6	721	0.7440660474716202
> lcl|NC_021728.1_cds_YP_008211310.1_1	960	T;A	695;860	0.7267015706806282;0.8994764397905759	5;5	711	0.740625
> lcl|NC_021732.1_cds_YP_008215130.1_1	960	T;A	695;860	0.7267015706806282;0.8994764397905759	5;5	711	0.740625
> lcl|NC_021811.1_cds_YP_008248829.1_1	1014	T	695	0.6878097125867195	5	772	0.7613412228796844
> lcl|NC_021813.2_cds_YP_008253343.1_1	1014	T	695	0.6878097125867195	5	773	0.76232741617357
> lcl|NC_021847.1_cds_YP_008314105.1_1	1026	T;A;A	307;549;845	0.3;0.5372549019607843;0.8274509803921568	6;6;6	759	0.7397660818713451
> lcl|NC_021848.1_cds_YP_008315859.1_1	1026	T;A;A	307;549;845	0.3;0.5372549019607843;0.8274509803921568	6;6;6	756	0.7368421052631579
> lcl|NC_021902.1_cds_YP_008358612.1_1	1014	T	695	0.6878097125867195	5	772	0.7613412228796844
> lcl|NC_021917.1_cds_YP_008372847.1_1	1023	T	275	0.26968503937007876	7	703	0.6871945259042033
> lcl|NC_022078.1_cds_YP_008414965.1_1	1014	T	695	0.6878097125867195	5	772	0.7613412228796844
> lcl|NC_022224.1_cds_YP_008490030.1_1	525	A	48	0.0905587668593449	6	390	0.7428571428571429
> lcl|NC_022269.1_cds_YP_008525427.1_1	957	A	298	0.31230283911671924	6	710	0.741901776384535
> lcl|NC_022349.1_cds_YP_008535323.1_1	963	T;A;A;T;A;T;A	13;182;195;229;487;661;888	0.012526096033402923;0.18893528183716074;0.20250521920668058;0.23799582463465555;0.5073068893528184;0.6889352818371608;0.9258872651356994	5;5;5;5;5;5;5	701	0.7279335410176532
> lcl|NC_006138.1_cds_YP_065714.1_1	1038	T	159	0.15310077519379844	6	764	0.7360308285163777
> lcl|NC_006834.1_cds_YP_202871.1_1	876	G	14	0.014942528735632184	6	665	0.7591324200913242
> lcl|NC_006841.2_cds_YP_206621.1_1	984	A;A	642;786	0.6560900716479018;0.8034800409416581	7;7	702	0.7134146341463414
> lcl|NC_007086.1_cds_YP_241460.1_1	984	C;G	14;366	0.013278855975485188;0.372829417773238	5;5	771	0.7835365853658537
> lcl|NC_007298.1_cds_YP_286626.1_1	984	T;G;T;G;T;A	131;162;184;507;689;778	0.13278855975485188;0.1644535240040858;0.18692543411644535;0.5168539325842697;0.7027579162410623;0.7936670071501533	5;5;5;5;5;5	735	0.7469512195121951
> lcl|NC_007404.1_cds_YP_314973.1_1	981	T;G;G;A;G;T	251;381;438;536;671;824	0.25588536335721596;0.3889457523029683;0.44728761514841353;0.5475946775844421;0.6857727737973388;0.842374616171955	4;4;4;4;4;4	766	0.780835881753313
> lcl|NC_007481.1_cds_YP_339979.1_1	927	A	717	0.7782608695652173	7	666	0.7184466019417476
> lcl|NC_007508.1_cds_YP_362087.1_1	1050	G;C;G	43;116;592	0.04019138755980861;0.11004784688995216;0.5655502392344498	5;5;5	816	0.7771428571428571
> lcl|NC_007575.1_cds_YP_393293.1_1	963	T	227	0.23640167364016737	7	679	0.7050882658359294
> lcl|NC_007677.1_cds_YP_444224.1_1	1356	A;A;C	402;1017;1323	0.29681717246484085;0.7520355292376018;0.9785344189489267	5;5;5	1022	0.7536873156342183
> lcl|NC_007677.1_cds_YP_445021.1_1	957	C	649	0.6813880126182965	6	711	0.7429467084639498
> lcl|NC_007705.1_cds_YP_453026.1_1	876	G	14	0.014942528735632184	6	665	0.7591324200913242
> lcl|NC_007912.1_cds_YP_525901.1_1	1122	A;A;A	233;325;808	0.2078853046594982;0.2903225806451613;0.7231182795698925	6;6;6	822	0.732620320855615
> lcl|NC_007947.1_cds_YP_544521.1_1	1005	A	658	0.6576576576576577	6	742	0.7383084577114428
> lcl|NC_007954.1_cds_YP_562141.1_1	960	T;A	168;552	0.1750524109014675;0.5775681341719078	6;6	688	0.7166666666666667
> lcl|NC_008228.1_cds_YP_661417.1_1	840	A;A;A	79;730;784	0.09352517985611511;0.8741007194244604;0.9388489208633094	6;6;6	599	0.7130952380952381
> lcl|NC_008322.1_cds_YP_738177.1_1	960	A	209	0.2180293501048218	6	705	0.734375
> lcl|NC_008340.1_cds_YP_742633.1_1	1389	T;T;C	443;453;1032	0.319364161849711;0.3265895953757225;0.744942196531792	5;5;5	1028	0.740100791936645
> lcl|NC_008344.1_cds_YP_747579.1_1	990	T	186	0.18800813008130082	6	740	0.7474747474747475
> lcl|NC_008609.1_cds_YP_902278.1_1	1407	A	738	0.5260528194147038	6	1027	0.7299218194740583
> lcl|NC_008639.1_cds_YP_910746.1_1	1017	T	213	0.20969337289812068	6	745	0.7325467059980334
> lcl|NC_008700.1_cds_YP_927232.1_1	957	A;T;A;T;T;A;A;C	116;160;206;247;276;566;778;939	0.1207983193277311;0.16701680672268907;0.21533613445378152;0.25840336134453784;0.28886554621848737;0.5934873949579832;0.8161764705882353;0.9852941176470589	5;5;5;5;5;5;5;5	709	0.7408568443051202
> lcl|NC_008700.1_cds_YP_927510.1_1	915	T	163	0.17802197802197803	5	669	0.7311475409836066
> lcl|NC_008709.1_cds_YP_942810.1_1	975	A	963	0.993801652892562	7	707	0.7251282051282051
> lcl|NC_008740.1_cds_YP_958260.1_1	990	A;A	312;643	0.3160569105691057;0.6524390243902439	6;6	711	0.7181818181818181
> lcl|NC_008740.1_cds_YP_960464.1_1	969	T;A	230;447	0.237551867219917;0.46265560165975106	5;5	729	0.7523219814241486
> lcl|NC_008782.1_cds_YP_987564.1_1	999	G;G	174;686	0.17404426559356137;0.6891348088531187	5;5	776	0.7767767767767768
